ID,Title,Date,Link,Scraped At
ann_1790400065129_0,2026-09-25,1,,2026-09-26T05:21:05.129Z
ann_1790400065129_1,2026-09-25,2,,2026-09-26T05:21:05.129Z
ann_1790400065129_2,2026-09-25,3,,2026-09-26T05:21:05.129Z
ann_1790400065129_3,2026-09-25,4,,2026-09-26T05:21:05.129Z
ann_1790400065129_4,2026-09-25,5,,2026-09-26T05:21:05.129Z
ann_1790400065129_5,2026-09-25,6,,2026-09-26T05:21:05.129Z
ann_1790400065129_6,2026-09-25,7,,2026-09-26T05:21:05.129Z
ann_1790400065129_7,2026-09-24,8,,2026-09-26T05:21:05.129Z
ann_1790400065129_8,2026-09-24,9,,2026-09-26T05:21:05.129Z
ann_1790400065129_9,2026-09-22,10,,2026-09-26T05:21:05.129Z
ann_1790400065129_10,2026-09-21,11,,2026-09-26T05:21:05.129Z
ann_1790400065129_11,2026-09-21,12,,2026-09-26T05:21:05.129Z
ann_1790400065129_12,2026-09-21,13,,2026-09-26T05:21:05.129Z
ann_1790400065129_13,2026-09-18,14,,2026-09-26T05:21:05.129Z
ann_1790400065130_14,2026-09-18,15,,2026-09-26T05:21:05.130Z
ann_1790400065130_15,2026-09-18,16,,2026-09-26T05:21:05.130Z
ann_1790400065130_16,2026-09-18,17,,2026-09-26T05:21:05.130Z
ann_1790400065130_17,2026-09-16,18,,2026-09-26T05:21:05.130Z
ann_1790400065130_18,2026-09-16,19,,2026-09-26T05:21:05.130Z
ann_1790400065130_19,2026-09-16,20,,2026-09-26T05:21:05.130Z