ID,Title,Date,Link,Scraped At
ann_1771471387135_0,2026-02-17,1,,2026-02-19T03:23:07.135Z
ann_1771471387135_1,2026-02-17,2,,2026-02-19T03:23:07.135Z
ann_1771471387135_2,2026-02-17,3,,2026-02-19T03:23:07.135Z
ann_1771471387135_3,2026-02-16,4,,2026-02-19T03:23:07.135Z
ann_1771471387135_4,2026-02-04,5,,2026-02-19T03:23:07.135Z
ann_1771471387135_5,2026-02-04,6,,2026-02-19T03:23:07.135Z
ann_1771471387135_6,2026-02-04,7,,2026-02-19T03:23:07.135Z
ann_1771471387135_7,2026-02-04,8,,2026-02-19T03:23:07.135Z
ann_1771471387135_8,2026-02-04,9,,2026-02-19T03:23:07.135Z
ann_1771471387136_9,2026-01-28,10,,2026-02-19T03:23:07.136Z
ann_1771471387136_10,2026-01-22,11,,2026-02-19T03:23:07.136Z
ann_1771471387136_11,2026-01-22,12,,2026-02-19T03:23:07.136Z
ann_1771471387136_12,2026-01-21,13,,2026-02-19T03:23:07.136Z
ann_1771471387136_13,2026-01-21,14,,2026-02-19T03:23:07.136Z
ann_1771471387136_14,2026-01-21,15,,2026-02-19T03:23:07.136Z
ann_1771471387136_15,2026-01-21,16,,2026-02-19T03:23:07.136Z
ann_1771471387136_16,2026-01-21,17,,2026-02-19T03:23:07.136Z
ann_1771471387136_17,2026-01-21,18,,2026-02-19T03:23:07.136Z
ann_1771471387136_18,2026-01-21,19,,2026-02-19T03:23:07.136Z
ann_1771471387136_19,2026-01-16,20,,2026-02-19T03:23:07.136Z