ID,Title,Date,Link,Category,Scraped At
pub_1789881429610_0,Public Announcement of Corporate Insolvency Resolution Process,29-09-2026,,17-09-2026,2026-09-20T05:17:09.610Z
pub_1789881429610_1,Public Announcement of Voluntary Liquidation Process,09-10-2026,,14-09-2026,2026-09-20T05:17:09.610Z
pub_1789881429610_2,Public Announcement of Voluntary Liquidation Process,10-10-2026,,14-09-2026,2026-09-20T05:17:09.610Z
pub_1789881429610_3,Public Announcement of Corporate Insolvency Resolution Process,25-09-2026,,14-09-2026,2026-09-20T05:17:09.610Z
pub_1789881429610_4,Public Announcement of Voluntary Liquidation Process,09-10-2026,,13-09-2026,2026-09-20T05:17:09.610Z
pub_1789881429610_5,Public Announcement of Corporate Insolvency Resolution Process,25-09-2026,,12-09-2026,2026-09-20T05:17:09.610Z
pub_1789881429610_6,Public Announcement of Voluntary Liquidation Process,07-10-2026,,12-09-2026,2026-09-20T05:17:09.610Z
pub_1789881429610_7,Public Announcement of Corporate Insolvency Resolution Process,22-09-2026,,11-09-2026,2026-09-20T05:17:09.610Z
pub_1789881429610_8,Public Announcement of Corporate Insolvency Resolution Process,23-09-2026,,11-09-2026,2026-09-20T05:17:09.610Z
pub_1789881429610_9,Public Announcement of Corporate Insolvency Resolution Process,23-09-2026,,11-09-2026,2026-09-20T05:17:09.610Z
pub_1789881429610_10,Public Announcement of Corporate Insolvency Resolution Process,25-09-2026,,11-09-2026,2026-09-20T05:17:09.610Z
pub_1789881429610_11,Public Announcement of Corporate Insolvency Resolution Process,22-09-2026,,11-09-2026,2026-09-20T05:17:09.610Z
pub_1789881429610_12,Public Announcement of Corporate Insolvency Resolution Process,22-09-2026,,11-09-2026,2026-09-20T05:17:09.610Z
pub_1789881429610_13,Public Announcement of Corporate Insolvency Resolution Process,22-09-2026,,10-09-2026,2026-09-20T05:17:09.610Z
pub_1789881429610_14,Public Announcement of Corporate Insolvency Resolution Process,21-09-2026,,09-09-2026,2026-09-20T05:17:09.610Z
pub_1789881429610_15,Public Announcement of Corporate Insolvency Resolution Process,21-09-2026,,09-09-2026,2026-09-20T05:17:09.610Z
pub_1789881429610_16,Public Announcement of Voluntary Liquidation Process,07-10-2026,,08-09-2026,2026-09-20T05:17:09.610Z
pub_1789881429610_17,Public Announcement of Corporate Insolvency Resolution Process,19-09-2026,,08-09-2026,2026-09-20T05:17:09.610Z
pub_1789881429611_18,Public Announcement of Corporate Insolvency Resolution Process,18-09-2026,,07-09-2026,2026-09-20T05:17:09.611Z
pub_1789881429611_19,Public Announcement of Corporate Insolvency Resolution Process,15-09-2026,,07-09-2026,2026-09-20T05:17:09.611Z